Workbook

Sheet README
A1: STRATEGY OPTIMIZATION TRACKER — Trend Reversal BB
A3: OBJETIVO
A5: PARÁMETROS FIJOS (validados anteriormente)
A6: BB Length | B6: 20
A7: BB Multiplier | B7: 2.0
A8: Macro trend filter | B8: ON (D/SMA50/slope 5)
A9: Long-only (Enable SHORT = OFF) | B9: ON
A10: Require SMA20 reset + distance | B10: ON / 0.3%
A11: Cooldown | B11: 8 bars
A12: Use trailing chandelier stop | B12: ON
A13: Chandelier ATR length | B13: 22
A15: PARÁMETROS FIJOS POR DISEÑO DE ESTRATEGIA
A16: Timeframe de ejecución | B16: 1 HORA (fijo según Yoel)
A17: Timeframe de confirmación | B17: 15 MIN (fijo según Yoel)
A19: PARÁMETROS VARIABLES (grid search)
A20: Chandelier ATR multiplier | B20: 2.0, 2.5, 3.0
A22: FASES DE TESTING
A23: FASE 1 — Sensibilidad | B23: 3 combos × 4 representativos (1 por perfil) = 12 tests
A24: FASE 2 — Validación | B24: Mejor config × 2 peers por perfil = 8 tests
A25: TOTAL
A27: CÓMO USAR
A28: 1. Abre la hoja 'Fase 1' para ver la lista de tests pendientes
A29: 2. En TradingView, configura el BACKTEST con los parámetros indicados
A30: 3. Ejecuta el backtest y copia los resultados (PF, WR, Net $, etc.)
A31: 4. Pégalos en la fila correspondiente → el Status cambia automáticamente
A32: 5. Alternativamente: manda el XLSX del export a Claude — él llena la fila
A34: INTERPRETACIÓN DE RESULTADOS
A35: PF > 1.0 y WR > 30% | B35: Estrategia rentable en ese activo/config
A36: PF 0.9 — 1.0
A37: PF < 0.9
A39: HOJAS DEL WORKBOOK
A40: README
A41: Fase 1 | B41: Grid search por perfil (16 tests)
A42: Fase 2 | B42: Validación de config ganadora (8 tests)
A43: Resumen | B43: Configuración óptima por perfil (auto-calculado)
A44: Leyenda | B44: Baseline y métricas ya conocidas

Sheet Fase 1
A1: FASE 1 — GRID SEARCH (Sensibilidad de parámetros)
A3: # | B3: Perfil | C3: Ticker | D3: Timeframe | E3: Chandelier | F3: Net Profit $ | G3: Net Profit % | H3: PF | I3: Win Rate % | J3: W/L Ratio | K3: # Trades | L3: Max DD % | M3: Status | N3: Notas
A4: 1 | B4: A | C4: SPY | D4: 1H | E4: 2 | M4: =IF(H4="","Pendiente",IF(H4>=1,"Rentable",IF(H4>=0.9,"Breakeven","No rentable")))
A5: 2 | B5: A | C5: SPY | D5: 1H | E5: 2.5 | M5: =IF(H5="","Pendiente",IF(H5>=1,"Rentable",IF(H5>=0.9,"Breakeven","No rentable")))
A6: 3 | B6: A | C6: SPY | D6: 1H | E6: 3 | M6: =IF(H6="","Pendiente",IF(H6>=1,"Rentable",IF(H6>=0.9,"Breakeven","No rentable")))
A7: 4 | B7: B | C7: QQQ | D7: 1H | E7: 2 | M7: =IF(H7="","Pendiente",IF(H7>=1,"Rentable",IF(H7>=0.9,"Breakeven","No rentable")))
A8: 5 | B8: B | C8: QQQ | D8: 1H | E8: 2.5 | F8: -74.47 | G8: =F8/10000 | H8: 0.921 | I8: 0.3052 | J8: 2.098 | K8: 308 | L8: 0.0152 | M8: =IF(H8="","Pendiente",IF(H8>=1,"Rentable",IF(H8>=0.9,"Breakeven","No rentable")))
A9: 6 | B9: B | C9: QQQ | D9: 1H | E9: 3 | F9: -164.47 | G9: =F9/10000 | H9: 0.87 | I9: 0.2834 | J9: 2.2 | K9: 307 | L9: 0.0244 | M9: =IF(H9="","Pendiente",IF(H9>=1,"Rentable",IF(H9>=0.9,"Breakeven","No rentable")))
A10: 7 | B10: C | C10: AAPL | D10: 1H | E10: 2 | M10: =IF(H10="","Pendiente",IF(H10>=1,"Rentable",IF(H10>=0.9,"Breakeven","No rentable")))
A11: 8 | B11: C | C11: AAPL | D11: 1H | E11: 2.5 | M11: =IF(H11="","Pendiente",IF(H11>=1,"Rentable",IF(H11>=0.9,"Breakeven","No rentable")))
A12: 9 | B12: C | C12: AAPL | D12: 1H | E12: 3 | M12: =IF(H12="","Pendiente",IF(H12>=1,"Rentable",IF(H12>=0.9,"Breakeven","No rentable")))
A13: 10 | B13: D | C13: TSLA | D13: 1H | E13: 2 | M13: =IF(H13="","Pendiente",IF(H13>=1,"Rentable",IF(H13>=0.9,"Breakeven","No rentable")))
A14: 11 | B14: D | C14: TSLA | D14: 1H | E14: 2.5 | M14: =IF(H14="","Pendiente",IF(H14>=1,"Rentable",IF(H14>=0.9,"Breakeven","No rentable")))
A15: 12 | B15: D | C15: TSLA | D15: 1H | E15: 3 | M15: =IF(H15="","Pendiente",IF(H15>=1,"Rentable",IF(H15>=0.9,"Breakeven","No rentable")))

Sheet Fase 2
A1: FASE 2 — VALIDACIÓN DE CONFIG GANADORA (Robustez por perfil)
A2: Después de Fase 1: usa la mejor config de cada perfil y valida en 2 peers para confirmar robustez. Evita overfitting.
A4: # | B4: Perfil | C4: Ticker | D4: Timeframe | E4: Chandelier | F4: Net Profit $ | G4: Net Profit % | H4: PF | I4: Win Rate % | J4: W/L Ratio | K4: # Trades | L4: Max DD % | M4: Status | N4: Notas
A5: 1 | B5: A | C5: DIA | D5: TBD | E5: TBD | M5: =IF(H5="","Pendiente",IF(H5>=1,"Rentable",IF(H5>=0.9,"Breakeven","No rentable")))
A6: 2 | B6: A | C6: GLD | D6: TBD | E6: TBD | M6: =IF(H6="","Pendiente",IF(H6>=1,"Rentable",IF(H6>=0.9,"Breakeven","No rentable")))
A7: 3 | B7: B | C7: IWM | D7: TBD | E7: TBD | M7: =IF(H7="","Pendiente",IF(H7>=1,"Rentable",IF(H7>=0.9,"Breakeven","No rentable")))
A8: 4 | B8: B | C8: SMH | D8: TBD | E8: TBD | M8: =IF(H8="","Pendiente",IF(H8>=1,"Rentable",IF(H8>=0.9,"Breakeven","No rentable")))
A9: 5 | B9: C | C9: MSFT | D9: TBD | E9: TBD | M9: =IF(H9="","Pendiente",IF(H9>=1,"Rentable",IF(H9>=0.9,"Breakeven","No rentable")))
A10: 6 | B10: C | C10: META | D10: TBD | E10: TBD | M10: =IF(H10="","Pendiente",IF(H10>=1,"Rentable",IF(H10>=0.9,"Breakeven","No rentable")))
A11: 7 | B11: D | C11: NVDA | D11: TBD | E11: TBD | M11: =IF(H11="","Pendiente",IF(H11>=1,"Rentable",IF(H11>=0.9,"Breakeven","No rentable")))
A12: 8 | B12: D | C12: AMD | D12: TBD | E12: TBD | M12: =IF(H12="","Pendiente",IF(H12>=1,"Rentable",IF(H12>=0.9,"Breakeven","No rentable")))

Sheet Resumen
A1: RESUMEN — CONFIGURACIÓN ÓPTIMA POR PERFIL
A3: Perfil | B3: Mejor Ticker Fase 1 | C3: TF Óptimo | D3: Chandelier Óptimo | E3: Mejor PF | F3: Mejor Net $ | G3: Config Recomendada | H3: Validado (Fase 2)
A4: A | B4: =IFERROR(INDEX('Fase 1'!$C$4:$C$15,MATCH(MAX(IF('Fase 1'!$B$4:$B$15="A",'Fase 1'!$H$4:$H$15)),IF('Fase 1'!$B$4:$B$15="A",'Fase 1'!$H$4:$H$15),0)),"-") | C4: =IFERROR(INDEX('Fase 1'!$D$4:$D$15,MATCH(MAX(IF('Fase 1'!$B$4:$B$15="A",'Fase 1'!$H$4:$H$15)),IF('Fase 1'!$B$4:$B$15="A",'Fase 1'!$H$4:$H$15),0)),"-") | D4: =IFERROR(INDEX('Fase 1'!$E$4:$E$15,MATCH(MAX(IF('Fase 1'!$B$4:$B$15="A",'Fase 1'!$H$4:$H$15)),IF('Fase 1'!$B$4:$B$15="A",'Fase 1'!$H$4:$H$15),0)),"-") | E4: =IFERROR(MAX(IF('Fase 1'!$B$4:$B$15="A",'Fase 1'!$H$4:$H$15)),"-") | F4: =IFERROR(INDEX('Fase 1'!$F$4:$F$15,MATCH(MAX(IF('Fase 1'!$B$4:$B$15="A",'Fase 1'!$H$4:$H$15)),IF('Fase 1'!$B$4:$B$15="A",'Fase 1'!$H$4:$H$15),0)),"-") | G4: =IF(E4="-","Pendiente",C4&" / "&D4&"x ATR") | H4: =IFERROR(COUNTIFS('Fase 2'!$B$5:$B$12,"A",'Fase 2'!$H$5:$H$12,">=1")&"/2","0/2")
A5: B | B5: =IFERROR(INDEX('Fase 1'!$C$4:$C$15,MATCH(MAX(IF('Fase 1'!$B$4:$B$15="B",'Fase 1'!$H$4:$H$15)),IF('Fase 1'!$B$4:$B$15="B",'Fase 1'!$H$4:$H$15),0)),"-") | C5: =IFERROR(INDEX('Fase 1'!$D$4:$D$15,MATCH(MAX(IF('Fase 1'!$B$4:$B$15="B",'Fase 1'!$H$4:$H$15)),IF('Fase 1'!$B$4:$B$15="B",'Fase 1'!$H$4:$H$15),0)),"-") | D5: =IFERROR(INDEX('Fase 1'!$E$4:$E$15,MATCH(MAX(IF('Fase 1'!$B$4:$B$15="B",'Fase 1'!$H$4:$H$15)),IF('Fase 1'!$B$4:$B$15="B",'Fase 1'!$H$4:$H$15),0)),"-") | E5: =IFERROR(MAX(IF('Fase 1'!$B$4:$B$15="B",'Fase 1'!$H$4:$H$15)),"-") | F5: =IFERROR(INDEX('Fase 1'!$F$4:$F$15,MATCH(MAX(IF('Fase 1'!$B$4:$B$15="B",'Fase 1'!$H$4:$H$15)),IF('Fase 1'!$B$4:$B$15="B",'Fase 1'!$H$4:$H$15),0)),"-") | G5: =IF(E5="-","Pendiente",C5&" / "&D5&"x ATR") | H5: =IFERROR(COUNTIFS('Fase 2'!$B$5:$B$12,"B",'Fase 2'!$H$5:$H$12,">=1")&"/2","0/2")
A6: C | B6: =IFERROR(INDEX('Fase 1'!$C$4:$C$15,MATCH(MAX(IF('Fase 1'!$B$4:$B$15="C",'Fase 1'!$H$4:$H$15)),IF('Fase 1'!$B$4:$B$15="C",'Fase 1'!$H$4:$H$15),0)),"-") | C6: =IFERROR(INDEX('Fase 1'!$D$4:$D$15,MATCH(MAX(IF('Fase 1'!$B$4:$B$15="C",'Fase 1'!$H$4:$H$15)),IF('Fase 1'!$B$4:$B$15="C",'Fase 1'!$H$4:$H$15),0)),"-") | D6: =IFERROR(INDEX('Fase 1'!$E$4:$E$15,MATCH(MAX(IF('Fase 1'!$B$4:$B$15="C",'Fase 1'!$H$4:$H$15)),IF('Fase 1'!$B$4:$B$15="C",'Fase 1'!$H$4:$H$15),0)),"-") | E6: =IFERROR(MAX(IF('Fase 1'!$B$4:$B$15="C",'Fase 1'!$H$4:$H$15)),"-") | F6: =IFERROR(INDEX('Fase 1'!$F$4:$F$15,MATCH(MAX(IF('Fase 1'!$B$4:$B$15="C",'Fase 1'!$H$4:$H$15)),IF('Fase 1'!$B$4:$B$15="C",'Fase 1'!$H$4:$H$15),0)),"-") | G6: =IF(E6="-","Pendiente",C6&" / "&D6&"x ATR") | H6: =IFERROR(COUNTIFS('Fase 2'!$B$5:$B$12,"C",'Fase 2'!$H$5:$H$12,">=1")&"/2","0/2")
A7: D | B7: =IFERROR(INDEX('Fase 1'!$C$4:$C$15,MATCH(MAX(IF('Fase 1'!$B$4:$B$15="D",'Fase 1'!$H$4:$H$15)),IF('Fase 1'!$B$4:$B$15="D",'Fase 1'!$H$4:$H$15),0)),"-") | C7: =IFERROR(INDEX('Fase 1'!$D$4:$D$15,MATCH(MAX(IF('Fase 1'!$B$4:$B$15="D",'Fase 1'!$H$4:$H$15)),IF('Fase 1'!$B$4:$B$15="D",'Fase 1'!$H$4:$H$15),0)),"-") | D7: =IFERROR(INDEX('Fase 1'!$E$4:$E$15,MATCH(MAX(IF('Fase 1'!$B$4:$B$15="D",'Fase 1'!$H$4:$H$15)),IF('Fase 1'!$B$4:$B$15="D",'Fase 1'!$H$4:$H$15),0)),"-") | E7: =IFERROR(MAX(IF('Fase 1'!$B$4:$B$15="D",'Fase 1'!$H$4:$H$15)),"-") | F7: =IFERROR(INDEX('Fase 1'!$F$4:$F$15,MATCH(MAX(IF('Fase 1'!$B$4:$B$15="D",'Fase 1'!$H$4:$H$15)),IF('Fase 1'!$B$4:$B$15="D",'Fase 1'!$H$4:$H$15),0)),"-") | G7: =IF(E7="-","Pendiente",C7&" / "&D7&"x ATR") | H7: =IFERROR(COUNTIFS('Fase 2'!$B$5:$B$12,"D",'Fase 2'!$H$5:$H$12,">=1")&"/2","0/2")

Sheet Leyenda
A1: LEYENDA DE PERFILES + BASELINE CONOCIDO
A3: Perfil | B3: Descripción | C3: ATR% diario | D3: IV histórica
A4: A | B4: Baja vol - ETFs broad market | C4: ~0.8-1.2% | D4: 12-18%
A5: B | B5: Vol media - ETFs tech / stables | C5: ~1.3-1.8% | D5: 20-28%
A6: C | B6: Vol media-alta - Big Tech / finanzas | C6: ~1.8-2.5% | D6: 25-40%
A7: D | B7: Alta vol - Growth / semis / leveraged | C7: ~3-5% | D7: 45-70%
