Workbook

Sheet Checklist Pre-Trade
A1: DATE: | C1: TICKER: | E1: RANGO PRECIO:
A3: No | B3: REQUISITOS | C3: SE CUMPLE | D3: NO SE CUMPLE
A4: 1 | B4: Reunión FED (Cada 45 días)
A5: 2 | B5: EARNING (Cada 3 meses)
A6: 3 | B6: BOLLINGER: 15/Hora/Diario - Punto medio Diario (Resistencia/Soporte)
A7: 4 | B7: PROMEDIOS MÓVILES: Techos/Pisos - Analizar HORA/DIA | C7: (describe análisis HORA/DIA aquí)
A8: 5 | B8: PUNTOS DE RUPTURA DE LÍNEAS DE TENDENCIA
A9: 6 | B9: SALTO AL ALZA (GAP) / SALTO A LA BAJA (GAP)
A10: 7 | B10: Precio BID - ASK - Diferencia
B11: BID | D11: ASK
B12: Diferencia | C12: =IFERROR(E11-C11,"")
A14: 8 | B14: ANÁLISIS SEMANAL
B15: Día | C15: Distancia | D15: Spot Price | E15: Strike Price
B16: Lunes
B17: Martes
B18: Miércoles
B19: Jueves
B20: Viernes
A22: 9 | B22: TRADE #1
B23: Fecha Exp | C23: Tipo | D23: Fecha | E23: Hora | F23: N° Contratos | G23: Trade Price | H23: Rentabilidad $ | I23: Plan %
A26: 10 | B26: TRADE #2
B27: Fecha Exp | C27: Tipo | D27: Fecha | E27: Hora | F27: N° Contratos | G27: Trade Price | H27: Rentabilidad $ | I27: Plan %
B30: TODAS LAS CONDICIONES SE CUMPLEN: | D30: =IF(COUNTIF(C4:C10,"<>")+COUNTA(C7)>=7,"SÍ","REVISAR")

Sheet Trade Log
A1: # | B1: Fecha | C1: Ticker | D1: Rango Precio | E1: 1. FED | F1: 2. Earning | G1: 3. Bollinger | H1: 4. MM | I1: 5. Ruptura | J1: 6. Gap | K1: 7. BID-ASK OK | L1: BID | M1: ASK | N1: Diferencia | O1: Spot | P1: Strike | Q1: Fecha Exp | R1: Tipo | S1: Hora | T1: N° Contratos | U1: Trade Price | V1: Rentabilidad $ | W1: Rentabilidad % | X1: Plan % | Y1: Status | Z1: Notas
A2: =IF(B2="","",ROW()-1) | N2: =IFERROR(IF(AND(L2<>"",M2<>""),M2-L2,""),"") | W2: =IFERROR(V2/(U2*T2),"")
A3: =IF(B3="","",ROW()-1) | N3: =IFERROR(IF(AND(L3<>"",M3<>""),M3-L3,""),"") | W3: =IFERROR(V3/(U3*T3),"")
A4: =IF(B4="","",ROW()-1) | N4: =IFERROR(IF(AND(L4<>"",M4<>""),M4-L4,""),"") | W4: =IFERROR(V4/(U4*T4),"")
A5: =IF(B5="","",ROW()-1) | N5: =IFERROR(IF(AND(L5<>"",M5<>""),M5-L5,""),"") | W5: =IFERROR(V5/(U5*T5),"")
A6: =IF(B6="","",ROW()-1) | N6: =IFERROR(IF(AND(L6<>"",M6<>""),M6-L6,""),"") | W6: =IFERROR(V6/(U6*T6),"")
A7: =IF(B7="","",ROW()-1) | N7: =IFERROR(IF(AND(L7<>"",M7<>""),M7-L7,""),"") | W7: =IFERROR(V7/(U7*T7),"")
A8: =IF(B8="","",ROW()-1) | N8: =IFERROR(IF(AND(L8<>"",M8<>""),M8-L8,""),"") | W8: =IFERROR(V8/(U8*T8),"")
A9: =IF(B9="","",ROW()-1) | N9: =IFERROR(IF(AND(L9<>"",M9<>""),M9-L9,""),"") | W9: =IFERROR(V9/(U9*T9),"")
A10: =IF(B10="","",ROW()-1) | N10: =IFERROR(IF(AND(L10<>"",M10<>""),M10-L10,""),"") | W10: =IFERROR(V10/(U10*T10),"")
A11: =IF(B11="","",ROW()-1) | N11: =IFERROR(IF(AND(L11<>"",M11<>""),M11-L11,""),"") | W11: =IFERROR(V11/(U11*T11),"")
A12: =IF(B12="","",ROW()-1) | N12: =IFERROR(IF(AND(L12<>"",M12<>""),M12-L12,""),"") | W12: =IFERROR(V12/(U12*T12),"")
A13: =IF(B13="","",ROW()-1) | N13: =IFERROR(IF(AND(L13<>"",M13<>""),M13-L13,""),"") | W13: =IFERROR(V13/(U13*T13),"")
... A51: =IF(B51="","",ROW()-1) | N51: =IFERROR(IF(AND(L51<>"",M51<>""),M51-L51,""),"") | W51: =IFERROR(V51/(U51*T51),"")

Sheet Estadísticas
A1: ESTADÍSTICAS DEL JOURNAL
A2: Total trades registrados | B2: =COUNTA('Trade Log'!B2:B51)
A3: Trades cerrados ganadores | B3: =COUNTIF('Trade Log'!Y2:Y51,"Cerrado Ganador")
A4: Trades cerrados perdedores | B4: =COUNTIF('Trade Log'!Y2:Y51,"Cerrado Perdedor")
A5: Trades abiertos | B5: =COUNTIF('Trade Log'!Y2:Y51,"Abierto")
A6: Win Rate % | B6: =IFERROR(B3/(B3+B4),0)
A8: Rentabilidad total ($) | B8: =SUM('Trade Log'!V2:V51)
A9: Rentabilidad promedio ($) | B9: =IFERROR(AVERAGEIF('Trade Log'!V2:V51,"<>0"),0)
A10: Mayor ganancia ($) | B10: =IFERROR(MAX('Trade Log'!V2:V51),0)
A11: Mayor pérdida ($) | B11: =IFERROR(MIN('Trade Log'!V2:V51),0)
A13: Gross Profit ($) | B13: =SUMIF('Trade Log'!V2:V51,">0")
A14: Gross Loss ($) | B14: =SUMIF('Trade Log'!V2:V51,"<0")
A15: Profit Factor | B15: =IFERROR(B13/ABS(B14),0)
A17: Rentabilidad % promedio | B17: =IFERROR(AVERAGEIF('Trade Log'!W2:W51,"<>0"),0)
A18: Plan % cumplido promedio | B18: =IFERROR(AVERAGEIF('Trade Log'!X2:X51,"<>0"),0)
